episode,global_step,steps,reward,distance_m,load_dropped,robot_fallen,best_reward,is_best,curriculum_stage
1,27,27,-73.7792,0.1265,false,true,-73.7792,true,Stand
2,39,12,-45.0643,0.1088,false,true,-45.0643,true,Stand
3,58,19,-63.3093,0.0813,true,false,-45.0643,false,Stand
4,86,28,-63.5038,0.0911,false,true,-45.0643,false,Stand
5,106,20,-91.4401,0.0254,false,true,-45.0643,false,Stand
6,118,12,-50.7017,0.0633,false,true,-45.0643,false,Stand
7,147,29,-84.7566,0.1507,false,true,-45.0643,false,Stand
8,165,18,-77.7244,0.0262,true,false,-45.0643,false,Stand
9,186,21,-35.7283,0.2008,true,false,-35.7283,true,Stand
10,207,21,-29.4227,0.2459,false,true,-29.4227,true,Stand
11,220,13,-39.0825,0.2064,false,true,-29.4227,false,Stand
12,249,29,-68.7228,0.0917,false,true,-29.4227,false,Stand
13,274,25,-43.7917,0.2150,true,false,-29.4227,false,Stand
14,296,22,-77.0816,0.0198,true,false,-29.4227,false,Stand
15,319,23,-68.3936,0.0708,true,false,-29.4227,false,Stand
16,350,31,-46.2840,0.3958,false,true,-29.4227,false,Stand
17,367,17,-25.8509,0.2767,true,false,-25.8509,true,Stand
18,402,35,-79.5902,0.1394,false,true,-25.8509,false,Stand
19,423,21,-53.9356,0.1162,false,true,-25.8509,false,Stand
20,444,21,-108.0649,0.0426,true,false,-25.8509,false,Stand
21,462,18,-75.9745,0.0248,true,false,-25.8509,false,Stand
22,476,14,-62.5345,0.0081,false,true,-25.8509,false,Stand
23,498,22,-42.6398,0.2164,true,false,-25.8509,false,Stand
24,510,12,-44.3724,0.1203,false,true,-25.8509,false,Stand
25,531,21,-94.8253,0.0035,true,false,-25.8509,false,Stand
26,558,27,-84.6787,0.0749,false,true,-25.8509,false,Stand
27,571,13,-55.4958,0.0717,false,true,-25.8509,false,Stand
28,600,29,-78.9387,0.1193,false,true,-25.8509,false,Stand
29,626,26,-82.4089,0.1487,false,true,-25.8509,false,Stand
30,647,21,-28.9033,0.2913,true,false,-25.8509,false,Stand
31,668,21,-29.1615,0.3258,true,false,-25.8509,false,Stand
32,693,25,-86.4335,0.0984,true,false,-25.8509,false,Stand
33,712,19,-37.1706,0.1760,false,true,-25.8509,false,Stand
34,732,20,-87.0162,0.0042,true,false,-25.8509,false,Stand
35,749,17,-54.2300,0.1259,true,false,-25.8509,false,Stand
36,774,25,-23.6657,0.4829,false,true,-23.6657,true,Stand
37,794,20,-57.7113,0.0717,true,false,-23.6657,false,Stand
38,812,18,-75.6256,0.0262,true,false,-23.6657,false,Stand
39,836,24,-111.3155,0.0521,false,true,-23.6657,false,Stand
40,866,30,-132.6219,0.0259,false,true,-23.6657,false,Stand
41,884,18,-71.8242,0.0476,true,false,-23.6657,false,Stand
42,918,34,-178.6831,0.0068,true,false,-23.6657,false,Stand
43,931,13,-45.9321,0.0948,false,true,-23.6657,false,Stand
44,951,20,-96.2692,0.0564,true,false,-23.6657,false,Stand
45,974,23,-70.9804,0.0418,true,false,-23.6657,false,Stand
46,998,24,-74.0390,0.0599,false,true,-23.6657,false,Stand
47,1017,19,-69.7996,0.0372,true,false,-23.6657,false,Stand
48,1037,20,-95.8319,0.0118,false,true,-23.6657,false,Stand
49,1066,29,-95.7630,0.0458,false,true,-23.6657,false,Stand
50,1085,19,-76.8268,0.0281,true,false,-23.6657,false,Stand
51,1103,18,-77.9917,0.0365,true,false,-23.6657,false,Stand
52,1147,44,-105.0779,0.2001,false,true,-23.6657,false,Stand
53,1168,21,-50.0398,0.1791,true,false,-23.6657,false,Stand
54,1186,18,-58.2320,0.0475,false,true,-23.6657,false,Stand
55,1199,13,-53.0325,0.0621,false,true,-23.6657,false,Stand
56,1212,13,-54.0622,0.0271,false,true,-23.6657,false,Stand
57,1243,31,-38.2390,0.3433,true,false,-23.6657,false,Stand
58,1265,22,-38.4833,0.2037,true,false,-23.6657,false,Stand
59,1294,29,5.3928,0.6952,false,true,5.3928,true,Stand
60,1308,14,-64.9329,0.0017,false,true,5.3928,false,Stand
61,1332,24,-33.6512,0.3271,false,true,5.3928,false,Stand
62,1351,19,-54.8184,0.1330,false,true,5.3928,false,Stand
63,1386,35,-9.8182,0.6694,false,true,5.3928,false,Stand
64,1399,13,-58.2464,0.0220,false,true,5.3928,false,Stand
65,1416,17,-38.7333,0.1956,false,true,5.3928,false,Stand
66,1451,35,-105.1042,0.0832,false,true,5.3928,false,Stand
67,1479,28,-79.6683,0.1420,true,false,5.3928,false,Stand
68,1492,13,-48.7267,0.0684,false,true,5.3928,false,Stand
69,1512,20,-39.7008,0.1697,false,true,5.3928,false,Stand
70,1531,19,-74.0750,0.0344,true,false,5.3928,false,Stand
71,1556,25,-52.8825,0.1869,false,true,5.3928,false,Stand
72,1579,23,-52.4371,0.0916,true,true,5.3928,false,Stand
73,1606,27,-119.0918,0.0342,true,false,5.3928,false,Stand
74,1631,25,-109.2264,0.0376,false,true,5.3928,false,Stand
75,1658,27,-40.6355,0.2351,false,true,5.3928,false,Stand
76,1692,34,-113.7984,0.0724,false,true,5.3928,false,Stand
77,1723,31,-29.9625,0.5607,false,true,5.3928,false,Stand
78,1739,16,-65.2918,0.0731,true,false,5.3928,false,Stand
79,1760,21,-67.0934,0.0654,true,false,5.3928,false,Stand
80,1772,12,-50.0813,0.0620,false,true,5.3928,false,Stand
81,1792,20,-84.8663,0.0368,false,true,5.3928,false,Stand
82,1808,16,-62.6832,0.0449,false,true,5.3928,false,Stand
83,1819,11,-52.9331,0.0694,false,true,5.3928,false,Stand
84,1840,21,-110.7611,0.0259,false,true,5.3928,false,Stand
85,1858,18,-75.3169,0.0076,true,false,5.3928,false,Stand
86,1883,25,-102.1761,0.0678,false,true,5.3928,false,Stand
87,1900,17,-75.6562,0.0327,false,true,5.3928,false,Stand
88,1913,13,-58.2073,0.0788,false,true,5.3928,false,Stand
89,1946,33,-141.0205,0.0756,false,true,5.3928,false,Stand
90,1959,13,-53.5746,0.0394,false,true,5.3928,false,Stand
91,1979,20,-75.4011,0.0578,false,true,5.3928,false,Stand
92,2011,32,-51.2714,0.2654,false,true,5.3928,false,Stand
93,2031,20,-60.7274,0.2067,false,true,5.3928,false,Stand
94,2052,21,-49.5002,0.1644,false,true,5.3928,false,Stand
95,2064,12,-55.4528,0.0295,false,true,5.3928,false,Stand
96,2083,19,-85.2362,0.0382,true,false,5.3928,false,Stand
97,2105,22,-94.6408,0.0262,true,false,5.3928,false,Stand
98,2129,24,-84.1342,0.0090,false,true,5.3928,false,Stand
99,2141,12,-51.4679,0.0635,false,true,5.3928,false,Stand
100,2160,19,-23.8460,0.3330,true,false,5.3928,false,Stand
101,2174,14,-50.2356,0.0708,false,true,5.3928,false,Stand
102,2192,18,-101.6193,0.0709,true,false,5.3928,false,Stand
103,2204,12,-48.1347,0.0664,false,true,5.3928,false,Stand
104,2230,26,-63.4227,0.1175,false,true,5.3928,false,Stand
105,2246,16,-49.6100,0.0590,false,true,5.3928,false,Stand
106,2265,19,-24.5805,0.3363,true,false,5.3928,false,Stand
107,2282,17,-52.1102,0.0838,true,false,5.3928,false,Stand
108,2307,25,-75.2179,0.1320,false,true,5.3928,false,Stand
109,2326,19,-79.6798,0.0937,false,true,5.3928,false,Stand
110,2339,13,-46.1531,0.0769,false,true,5.3928,false,Stand
111,2354,15,-67.7949,0.0261,false,true,5.3928,false,Stand
112,2379,25,-152.2272,0.0105,false,true,5.3928,false,Stand
113,2392,13,-48.6813,0.0717,false,true,5.3928,false,Stand
114,2404,12,-43.9035,0.1097,false,true,5.3928,false,Stand
115,2416,12,-50.6681,0.0698,false,true,5.3928,false,Stand
116,2427,11,-51.3186,0.0148,false,true,5.3928,false,Stand
117,2442,15,-60.7654,0.0320,false,true,5.3928,false,Stand
118,2467,25,-69.1249,0.0690,false,true,5.3928,false,Stand
119,2483,16,-46.0934,0.1189,false,true,5.3928,false,Stand
120,2508,25,-50.2229,0.1654,true,false,5.3928,false,Stand
121,2528,20,-10.9168,0.4905,false,true,5.3928,false,Stand
122,2548,20,-101.8613,0.0258,true,false,5.3928,false,Stand
123,2560,12,-54.1996,0.0091,false,true,5.3928,false,Stand
124,2589,29,-79.2040,0.0720,false,true,5.3928,false,Stand
125,2607,18,-51.5426,0.2029,false,true,5.3928,false,Stand
126,2628,21,-33.3588,0.2965,true,false,5.3928,false,Stand
127,2642,14,-40.2332,0.1338,false,true,5.3928,false,Stand
128,2668,26,-77.3994,0.0591,false,true,5.3928,false,Stand
129,2695,27,-77.3496,0.0861,false,true,5.3928,false,Stand
130,2707,12,-46.1182,0.0885,false,true,5.3928,false,Stand
131,2733,26,-61.4663,0.1066,false,true,5.3928,false,Stand
132,2769,36,-138.9316,0.0476,false,true,5.3928,false,Stand
133,2791,22,-81.9878,0.0403,false,true,5.3928,false,Stand
134,2802,11,-46.7239,0.0742,false,true,5.3928,false,Stand
135,2814,12,-47.6832,0.0719,false,true,5.3928,false,Stand
136,2843,29,-16.5734,0.5764,false,true,5.3928,false,Stand
137,2869,26,-115.7347,0.0732,false,true,5.3928,false,Stand
138,2889,20,-38.1678,0.2239,true,false,5.3928,false,Stand
139,2912,23,-23.0959,0.3756,true,false,5.3928,false,Stand
140,2936,24,-115.9110,0.0010,false,true,5.3928,false,Stand
141,2958,22,-74.2323,0.0605,true,false,5.3928,false,Stand
142,2977,19,-68.5703,0.0277,false,true,5.3928,false,Stand
143,2996,19,-15.3047,0.4337,true,false,5.3928,false,Stand
144,3016,20,-56.8859,0.0456,true,false,5.3928,false,Stand
145,3029,13,-61.2557,0.0488,false,true,5.3928,false,Stand
146,3048,19,-79.5130,0.0045,true,false,5.3928,false,Stand
147,3091,43,-11.1578,0.9791,true,false,5.3928,false,Stand
148,3104,13,-58.5673,0.0386,false,true,5.3928,false,Stand
149,3123,19,-64.3232,0.0433,false,true,5.3928,false,Stand
150,3140,17,-14.6335,0.4206,true,false,5.3928,false,Stand
151,3168,28,-67.9929,0.2232,false,true,5.3928,false,Stand
152,3185,17,-74.5846,0.0410,true,false,5.3928,false,Stand
153,3202,17,-65.7845,0.0152,false,true,5.3928,false,Stand
154,3222,20,-34.3332,0.2167,true,false,5.3928,false,Stand
155,3251,29,-50.9823,0.2021,false,true,5.3928,false,Stand
156,3269,18,-86.4568,0.0162,false,true,5.3928,false,Stand
157,3285,16,-56.0013,0.0624,true,false,5.3928,false,Stand
158,3309,24,-32.2997,0.3233,true,false,5.3928,false,Stand
159,3333,24,-88.7961,0.0259,false,true,5.3928,false,Stand
160,3345,12,-52.6020,0.0295,false,true,5.3928,false,Stand
161,3357,12,-49.5435,0.0482,false,true,5.3928,false,Stand
162,3389,32,-71.9850,0.1414,true,false,5.3928,false,Stand
163,3412,23,-53.8331,0.1985,false,true,5.3928,false,Stand
164,3431,19,-80.1178,0.0324,true,false,5.3928,false,Stand
165,3443,12,-46.1203,0.0669,false,true,5.3928,false,Stand
166,3467,24,-37.6427,0.3239,true,false,5.3928,false,Stand
167,3495,28,-3.3347,0.7217,false,true,5.3928,false,Stand
168,3526,31,-163.6037,0.0193,false,true,5.3928,false,Stand
169,3547,21,-49.0369,0.1549,true,false,5.3928,false,Stand
170,3580,33,-57.9833,0.2379,false,true,5.3928,false,Stand
171,3599,19,-67.7249,0.0353,true,false,5.3928,false,Stand
172,3613,14,-55.6462,0.0606,false,true,5.3928,false,Stand
173,3625,12,-55.1498,0.0164,false,true,5.3928,false,Stand
174,3637,12,-53.1237,0.0566,false,true,5.3928,false,Stand
175,3656,19,-24.1411,0.3427,false,true,5.3928,false,Stand
176,3677,21,-72.9230,0.0687,true,false,5.3928,false,Stand
177,3692,15,-65.0402,0.0460,false,true,5.3928,false,Stand
178,3705,13,-54.3784,0.0544,false,true,5.3928,false,Stand
179,3721,16,-70.1722,0.0634,false,true,5.3928,false,Stand
180,3742,21,-51.0664,0.1379,true,false,5.3928,false,Stand
181,3756,14,-55.9473,0.1051,false,true,5.3928,false,Stand
182,3777,21,-31.6186,0.2959,true,false,5.3928,false,Stand
183,3797,20,-112.0429,0.0364,true,false,5.3928,false,Stand
184,3821,24,-77.8520,0.1163,true,false,5.3928,false,Stand
185,3835,14,-46.7954,0.0815,false,true,5.3928,false,Stand
186,3850,15,-49.5523,0.1081,false,true,5.3928,false,Stand
187,3871,21,-16.4365,0.4162,true,false,5.3928,false,Stand
188,3883,12,-46.5582,0.0796,false,true,5.3928,false,Stand
189,3895,12,-43.0135,0.1241,false,true,5.3928,false,Stand
190,3917,22,-82.6832,0.0530,false,true,5.3928,false,Stand
191,3936,19,-79.9839,0.0520,true,false,5.3928,false,Stand
192,3964,28,-87.1044,0.1007,false,true,5.3928,false,Stand
193,3976,12,-45.7613,0.1126,false,true,5.3928,false,Stand
194,3988,12,-48.6556,0.0867,false,true,5.3928,false,Stand
195,4000,12,-50.5238,0.1038,false,true,5.3928,false,Stand
196,4014,14,-52.1492,0.0668,false,true,5.3928,false,Stand
197,4026,12,-49.7722,0.0307,false,true,5.3928,false,Stand
198,4049,23,-85.2184,0.0998,true,false,5.3928,false,Stand
199,4069,20,-74.7320,0.0867,false,true,5.3928,false,Stand
200,4086,17,-31.1107,0.2794,true,false,5.3928,false,Stand
201,4107,21,-33.0652,0.2736,true,false,5.3928,false,Stand
202,4119,12,-44.3241,0.0964,false,true,5.3928,false,Stand
203,4135,16,-69.5330,0.0343,true,false,5.3928,false,Stand
204,4152,17,-47.4568,0.0962,false,true,5.3928,false,Stand
205,4174,22,-24.0132,0.3588,true,false,5.3928,false,Stand
206,4194,20,-92.7820,0.0054,true,false,5.3928,false,Stand
207,4206,12,-58.1961,0.0099,false,true,5.3928,false,Stand
208,4234,28,-71.3366,0.1172,false,true,5.3928,false,Stand
209,4255,21,-38.3365,0.2234,false,true,5.3928,false,Stand
210,4275,20,-65.4747,0.0777,true,false,5.3928,false,Stand
211,4287,12,-53.7501,0.0189,false,true,5.3928,false,Stand
212,4308,21,-37.5555,0.2377,true,false,5.3928,false,Stand
213,4327,19,-77.3814,0.0430,true,false,5.3928,false,Stand
214,4363,36,-114.8014,0.1117,false,true,5.3928,false,Stand
215,4398,35,-129.7149,0.1103,true,false,5.3928,false,Stand
216,4421,23,-42.8861,0.2835,false,true,5.3928,false,Stand
217,4440,19,-60.2049,0.1015,true,false,5.3928,false,Stand
218,4460,20,-15.7019,0.4119,true,false,5.3928,false,Stand
219,4484,24,-83.8621,0.0536,false,true,5.3928,false,Stand
220,4506,22,-59.0395,0.2058,false,true,5.3928,false,Stand
221,4527,21,-37.0082,0.2825,false,true,5.3928,false,Stand
222,4556,29,-39.2187,0.2903,false,true,5.3928,false,Stand
223,4575,19,-55.9753,0.0396,true,false,5.3928,false,Stand
224,4599,24,-105.8202,0.1214,false,true,5.3928,false,Stand
225,4613,14,-44.2840,0.0866,false,true,5.3928,false,Stand
226,4630,17,-32.5962,0.2746,true,false,5.3928,false,Stand
227,4644,14,-43.3025,0.1301,false,true,5.3928,false,Stand
228,4663,19,-39.9301,0.1990,false,true,5.3928,false,Stand
229,4675,12,-55.5897,0.0514,false,true,5.3928,false,Stand
230,4694,19,-33.8650,0.2513,true,false,5.3928,false,Stand
231,4705,11,-48.9330,0.0471,false,true,5.3928,false,Stand
232,4716,11,-53.4746,0.0356,false,true,5.3928,false,Stand
233,4736,20,-71.6914,0.0255,true,false,5.3928,false,Stand
234,4756,20,-59.5622,0.0676,true,false,5.3928,false,Stand
235,4782,26,-42.0470,0.2449,true,false,5.3928,false,Stand
236,4803,21,-40.7495,0.1986,true,false,5.3928,false,Stand
237,4823,20,-113.0476,0.0384,false,true,5.3928,false,Stand
238,4847,24,-64.5226,0.0767,false,true,5.3928,false,Stand
239,4864,17,-90.2012,0.0159,true,false,5.3928,false,Stand
240,4885,21,-24.5218,0.3660,true,false,5.3928,false,Stand
241,4907,22,-86.5636,0.0335,true,false,5.3928,false,Stand
242,4930,23,-85.8729,0.1304,false,true,5.3928,false,Stand
243,4942,12,-52.3489,0.0352,false,true,5.3928,false,Stand
244,4962,20,-15.7257,0.4307,true,false,5.3928,false,Stand
245,4982,20,-71.9171,0.0618,false,true,5.3928,false,Stand
246,5006,24,-65.0021,0.1055,false,true,5.3928,false,Stand
247,5032,26,-71.5864,0.1028,false,true,5.3928,false,Stand
248,5051,19,-79.6723,0.0892,false,true,5.3928,false,Stand
249,5073,22,-75.8919,0.0900,false,true,5.3928,false,Stand
250,5093,20,-82.9954,0.0420,true,false,5.3928,false,Stand
251,5115,22,-39.8028,0.1933,false,true,5.3928,false,Stand
252,5135,20,-88.5184,0.0540,true,false,5.3928,false,Stand
253,5146,11,-47.4210,0.0587,false,true,5.3928,false,Stand
254,5169,23,-66.6520,0.2361,false,true,5.3928,false,Stand
255,5192,23,-71.6971,0.0557,true,false,5.3928,false,Stand
256,5218,26,-124.5653,0.0076,false,true,5.3928,false,Stand
257,5247,29,-34.1081,0.2984,false,true,5.3928,false,Stand
258,5273,26,-82.8964,0.0262,true,true,5.3928,false,Stand
259,5292,19,-53.6970,0.0765,false,true,5.3928,false,Stand
260,5318,26,-68.2674,0.0540,false,true,5.3928,false,Stand
261,5338,20,-75.8600,0.0577,false,true,5.3928,false,Stand
262,5359,21,-71.1858,0.0751,false,true,5.3928,false,Stand
263,5374,15,-58.1091,0.0285,false,true,5.3928,false,Stand
264,5386,12,-46.3519,0.0932,false,true,5.3928,false,Stand
265,5409,23,-107.1889,0.0270,false,true,5.3928,false,Stand
266,5422,13,-46.0024,0.0871,false,true,5.3928,false,Stand
267,5449,27,-52.2263,0.2386,false,true,5.3928,false,Stand
268,5473,24,-80.5751,0.0836,false,true,5.3928,false,Stand
269,5496,23,-70.7586,0.0823,false,true,5.3928,false,Stand
270,5524,28,-73.8600,0.1364,false,true,5.3928,false,Stand
271,5551,27,-104.9667,0.0376,false,true,5.3928,false,Stand
272,5577,26,-14.5312,0.5385,false,true,5.3928,false,Stand
273,5593,16,-71.5982,0.0074,true,false,5.3928,false,Stand
274,5626,33,-121.0200,0.0187,true,false,5.3928,false,Stand
275,5648,22,-69.2919,0.0209,true,false,5.3928,false,Stand
276,5660,12,-51.7965,0.0761,false,true,5.3928,false,Stand
277,5679,19,-36.2789,0.1869,true,false,5.3928,false,Stand
278,5690,11,-54.9196,0.0203,false,true,5.3928,false,Stand
279,5711,21,-51.6770,0.0655,true,false,5.3928,false,Stand
280,5740,29,-22.0401,0.4305,false,true,5.3928,false,Stand
281,5762,22,-98.8446,0.0318,false,true,5.3928,false,Stand
282,5786,24,-80.2301,0.0686,true,false,5.3928,false,Stand
283,5806,20,-14.6904,0.4471,true,false,5.3928,false,Stand
284,5827,21,-65.7949,0.0783,true,false,5.3928,false,Stand
285,5840,13,-59.3399,0.0539,false,true,5.3928,false,Stand
286,5870,30,-106.2241,0.0207,false,true,5.3928,false,Stand
287,5891,21,-84.5627,0.0540,false,true,5.3928,false,Stand
288,5910,19,-36.6793,0.1905,true,false,5.3928,false,Stand
289,5931,21,-29.5458,0.3410,false,true,5.3928,false,Stand
290,5943,12,-53.7649,0.0176,false,true,5.3928,false,Stand
291,5962,19,-58.8285,0.0587,true,false,5.3928,false,Stand
292,5980,18,-77.5713,0.0275,true,false,5.3928,false,Stand
293,5998,18,-41.1178,0.2248,true,false,5.3928,false,Stand
294,6014,16,-48.9197,0.0968,false,true,5.3928,false,Stand
295,6028,14,-41.3274,0.1489,false,true,5.3928,false,Stand
296,6046,18,-64.4925,0.0302,false,true,5.3928,false,Stand
297,6059,13,-44.1266,0.0807,false,true,5.3928,false,Stand
298,6080,21,-63.8168,0.0687,false,true,5.3928,false,Stand
299,6107,27,-70.3597,0.0822,true,false,5.3928,false,Stand
300,6119,12,-53.3589,0.0417,false,true,5.3928,false,Stand
301,6140,21,-12.8496,0.5022,true,false,5.3928,false,Stand
302,6170,30,-116.3631,0.1060,false,true,5.3928,false,Stand
303,6195,25,-99.2469,0.0201,false,true,5.3928,false,Stand
304,6215,20,-93.7464,0.0443,true,false,5.3928,false,Stand
305,6233,18,-12.7216,0.4543,true,false,5.3928,false,Stand
306,6251,18,-48.1838,0.1227,false,true,5.3928,false,Stand
307,6277,26,-105.1514,0.0650,false,true,5.3928,false,Stand
308,6298,21,-72.9413,0.0216,true,false,5.3928,false,Stand
309,6317,19,-25.0630,0.3271,true,false,5.3928,false,Stand
310,6330,13,-44.7592,0.1233,false,true,5.3928,false,Stand
311,6365,35,-15.3994,0.5705,false,true,5.3928,false,Stand
312,6386,21,-76.5717,0.0224,true,false,5.3928,false,Stand
313,6399,13,-50.4717,0.0904,false,true,5.3928,false,Stand
314,6416,17,-55.4008,0.0701,true,false,5.3928,false,Stand
315,6428,12,-45.5924,0.0945,false,true,5.3928,false,Stand
316,6445,17,-83.8464,0.0461,true,false,5.3928,false,Stand
317,6479,34,-45.5950,0.3196,false,true,5.3928,false,Stand
318,6492,13,-43.5740,0.1087,false,true,5.3928,false,Stand
319,6510,18,-92.7706,0.0101,true,false,5.3928,false,Stand
320,6524,14,-45.3267,0.1803,false,true,5.3928,false,Stand
321,6555,31,-83.1664,0.0838,false,true,5.3928,false,Stand
322,6572,17,-32.2964,0.2608,true,false,5.3928,false,Stand
323,6591,19,-70.7362,0.0844,true,false,5.3928,false,Stand
324,6609,18,-68.8230,0.0500,true,false,5.3928,false,Stand
325,6620,11,-53.4580,0.0092,false,true,5.3928,false,Stand
326,6636,16,-75.3972,0.0273,true,false,5.3928,false,Stand
327,6657,21,-36.5423,0.2625,false,true,5.3928,false,Stand
328,6676,19,-68.8355,0.0386,true,false,5.3928,false,Stand
329,6688,12,-45.9589,0.0836,false,true,5.3928,false,Stand
330,6712,24,-47.6646,0.1735,true,false,5.3928,false,Stand
331,6731,19,-73.6622,0.0550,false,true,5.3928,false,Stand
332,6757,26,-68.6307,0.1729,false,true,5.3928,false,Stand
333,6780,23,-74.7141,0.0758,true,false,5.3928,false,Stand
334,6800,20,-79.7054,0.0319,true,false,5.3928,false,Stand
335,6813,13,-54.2220,0.0604,false,true,5.3928,false,Stand
336,6835,22,-53.0130,0.1491,true,false,5.3928,false,Stand
337,6860,25,-10.1463,0.5541,true,false,5.3928,false,Stand
338,6885,25,-73.8551,0.0914,false,true,5.3928,false,Stand
339,6908,23,-13.8655,0.4974,true,false,5.3928,false,Stand
340,6928,20,-52.2034,0.1945,true,false,5.3928,false,Stand
341,6949,21,-94.1087,0.0173,true,false,5.3928,false,Stand
342,6973,24,-61.2377,0.0814,false,true,5.3928,false,Stand
343,7013,40,-112.5841,0.0544,true,false,5.3928,false,Stand
344,7035,22,-72.1801,0.0450,true,false,5.3928,false,Stand
345,7051,16,-36.6696,0.2042,false,true,5.3928,false,Stand
346,7074,23,-107.2587,0.0293,false,true,5.3928,false,Stand
347,7097,23,-81.1768,0.0472,false,true,5.3928,false,Stand
348,7120,23,-95.8905,0.0614,true,true,5.3928,false,Stand
349,7138,18,-33.0703,0.2749,true,false,5.3928,false,Stand
350,7160,22,-48.5188,0.2414,false,true,5.3928,false,Stand
351,7174,14,-65.0962,0.0311,false,true,5.3928,false,Stand
352,7194,20,-78.0897,0.0747,true,false,5.3928,false,Stand
353,7206,12,-43.3580,0.0977,false,true,5.3928,false,Stand
354,7228,22,-49.9963,0.1397,false,true,5.3928,false,Stand
355,7244,16,-69.5077,0.0738,false,true,5.3928,false,Stand
356,7264,20,-11.1260,0.4711,true,false,5.3928,false,Stand
357,7294,30,-88.4654,0.0612,true,false,5.3928,false,Stand
358,7322,28,-70.5841,0.1706,false,true,5.3928,false,Stand
359,7340,18,-59.9378,0.0959,true,false,5.3928,false,Stand
360,7354,14,-65.9020,0.0185,false,true,5.3928,false,Stand
361,7374,20,-74.4593,0.0250,false,true,5.3928,false,Stand
362,7394,20,-35.4625,0.3144,false,true,5.3928,false,Stand
363,7423,29,-98.6507,0.0349,false,true,5.3928,false,Stand
364,7450,27,-95.5786,0.0853,false,true,5.3928,false,Stand
365,7475,25,-50.7819,0.1446,true,false,5.3928,false,Stand
366,7495,20,-81.2943,0.0465,true,false,5.3928,false,Stand
367,7507,12,-44.4702,0.1139,false,true,5.3928,false,Stand
368,7529,22,-21.3759,0.3877,true,false,5.3928,false,Stand
369,7548,19,-69.9559,0.0746,false,true,5.3928,false,Stand
370,7573,25,-127.1504,0.0255,false,true,5.3928,false,Stand
371,7594,21,-65.3533,0.1041,true,false,5.3928,false,Stand
372,7609,15,-42.4124,0.1326,false,true,5.3928,false,Stand
373,7633,24,-45.9020,0.2316,false,true,5.3928,false,Stand
374,7645,12,-44.9091,0.0944,false,true,5.3928,false,Stand
375,7665,20,-26.0108,0.3060,true,false,5.3928,false,Stand
376,7684,19,-86.8592,0.0120,true,false,5.3928,false,Stand
377,7697,13,-46.3950,0.1030,false,true,5.3928,false,Stand
378,7728,31,-50.9023,0.1746,false,true,5.3928,false,Stand
379,7741,13,-51.1386,0.0575,false,true,5.3928,false,Stand
380,7761,20,-36.1988,0.2828,true,false,5.3928,false,Stand
381,7788,27,-58.9931,0.1171,false,true,5.3928,false,Stand
382,7806,18,-66.8657,0.0432,true,false,5.3928,false,Stand
383,7829,23,-68.2259,0.0580,false,true,5.3928,false,Stand
384,7841,12,-49.7378,0.0395,false,true,5.3928,false,Stand
385,7861,20,-85.0412,0.0340,true,false,5.3928,false,Stand
386,7878,17,-66.1102,0.0617,false,true,5.3928,false,Stand
387,7892,14,-70.5827,0.0000,false,true,5.3928,false,Stand
388,7909,17,-62.7292,0.0570,false,true,5.3928,false,Stand
389,7931,22,-35.7497,0.2632,true,false,5.3928,false,Stand
390,7950,19,-63.7317,0.0566,false,true,5.3928,false,Stand
391,7962,12,-52.4526,0.0437,false,true,5.3928,false,Stand
392,7987,25,-92.7478,0.0424,false,true,5.3928,false,Stand
393,8010,23,-49.2463,0.1325,false,true,5.3928,false,Stand
394,8027,17,-69.5164,0.0317,true,false,5.3928,false,Stand
395,8068,41,-146.2529,0.1124,true,false,5.3928,false,Stand
396,8087,19,-68.6700,0.0623,true,false,5.3928,false,Stand
397,8109,22,-85.6047,0.0480,true,false,5.3928,false,Stand
398,8127,18,-64.6803,0.0296,true,false,5.3928,false,Stand
399,8156,29,-73.1024,0.2313,true,false,5.3928,false,Stand
400,8174,18,-77.1410,0.0193,false,true,5.3928,false,Stand
401,8196,22,-33.1675,0.3295,true,false,5.3928,false,Stand
402,8227,31,-42.5598,0.3532,false,true,5.3928,false,Stand
403,8239,12,-54.0707,0.0124,false,true,5.3928,false,Stand
404,8252,13,-55.3511,0.0658,false,true,5.3928,false,Stand
405,8270,18,-40.1108,0.2020,true,false,5.3928,false,Stand
406,8284,14,-69.4639,0.0151,false,true,5.3928,false,Stand
407,8300,16,-46.8184,0.1387,false,true,5.3928,false,Stand
408,8329,29,-47.7945,0.2970,false,true,5.3928,false,Stand
409,8351,22,-86.7662,0.0592,false,true,5.3928,false,Stand
410,8391,40,-44.2186,0.4532,false,true,5.3928,false,Stand
411,8406,15,-52.4043,0.0817,false,true,5.3928,false,Stand
412,8427,21,-31.9605,0.2556,true,false,5.3928,false,Stand
413,8444,17,-57.8478,0.0791,false,true,5.3928,false,Stand
414,8474,30,-57.7487,0.1896,false,true,5.3928,false,Stand
415,8501,27,-113.5928,0.0161,false,true,5.3928,false,Stand
416,8540,39,-69.5169,0.2033,false,true,5.3928,false,Stand
417,8557,17,-48.8379,0.0922,false,true,5.3928,false,Stand
418,8571,14,-62.2564,0.0321,false,true,5.3928,false,Stand
419,8592,21,-51.1202,0.0790,false,true,5.3928,false,Stand
420,8608,16,-45.4715,0.0997,false,true,5.3928,false,Stand
421,8629,21,-68.7897,0.0069,false,true,5.3928,false,Stand
422,8652,23,-76.2040,0.0727,false,true,5.3928,false,Stand
423,8665,13,-66.0259,0.0250,false,true,5.3928,false,Stand
424,8677,12,-52.1710,0.0185,false,true,5.3928,false,Stand
425,8690,13,-36.7417,0.1691,false,true,5.3928,false,Stand
426,8718,28,-104.3446,0.0541,true,false,5.3928,false,Stand
427,8739,21,-69.8284,0.0828,true,false,5.3928,false,Stand
428,8751,12,-53.3908,0.0259,false,true,5.3928,false,Stand
429,8772,21,-72.2420,0.1073,false,true,5.3928,false,Stand
430,8791,19,-53.8003,0.1008,false,true,5.3928,false,Stand
431,8803,12,-56.9236,0.0361,false,true,5.3928,false,Stand
432,8825,22,-45.4083,0.1725,false,true,5.3928,false,Stand
433,8847,22,-66.7317,0.0239,false,true,5.3928,false,Stand
434,8871,24,-76.0652,0.0936,false,true,5.3928,false,Stand
435,8905,34,-49.3181,0.3343,false,true,5.3928,false,Stand
436,8942,37,-161.6172,0.1691,false,true,5.3928,false,Stand
437,8967,25,-66.7758,0.0798,true,false,5.3928,false,Stand
438,8990,23,-26.6768,0.3694,true,false,5.3928,false,Stand
439,9009,19,-10.8121,0.4645,true,false,5.3928,false,Stand
440,9021,12,-41.9386,0.1408,false,true,5.3928,false,Stand
441,9045,24,-101.5689,0.0376,false,true,5.3928,false,Stand
442,9061,16,-47.4538,0.0889,false,true,5.3928,false,Stand
443,9086,25,-83.1492,0.0860,true,false,5.3928,false,Stand
444,9098,12,-47.8486,0.0506,false,true,5.3928,false,Stand
445,9119,21,-78.5084,0.0191,false,true,5.3928,false,Stand
446,9144,25,-84.6822,0.0364,false,true,5.3928,false,Stand
447,9160,16,-63.3499,0.0476,false,true,5.3928,false,Stand
448,9191,31,-145.1137,0.0417,false,true,5.3928,false,Stand
449,9204,13,-46.1812,0.0834,false,true,5.3928,false,Stand
450,9222,18,-83.6449,0.0145,true,false,5.3928,false,Stand
451,9235,13,-55.2782,0.0278,false,true,5.3928,false,Stand
452,9247,12,-44.4676,0.0844,false,true,5.3928,false,Stand
453,9259,12,-51.3884,0.0404,false,true,5.3928,false,Stand
454,9279,20,-65.4551,0.0950,false,true,5.3928,false,Stand
455,9310,31,-85.9306,0.1042,false,true,5.3928,false,Stand
456,9322,12,-43.9978,0.0933,false,true,5.3928,false,Stand
457,9339,17,-51.5450,0.1659,false,true,5.3928,false,Stand
458,9352,13,-59.2969,0.0041,false,true,5.3928,false,Stand
459,9381,29,-20.2808,0.5108,true,false,5.3928,false,Stand
460,9396,15,-46.3768,0.0888,false,true,5.3928,false,Stand
461,9409,13,-51.5502,0.0366,false,true,5.3928,false,Stand
462,9421,12,-43.3506,0.1267,false,true,5.3928,false,Stand
463,9463,42,-103.7541,0.1549,true,true,5.3928,false,Stand
464,9483,20,-15.2007,0.4283,true,false,5.3928,false,Stand
465,9505,22,-40.9730,0.2153,false,true,5.3928,false,Stand
466,9530,25,-59.2838,0.1455,false,true,5.3928,false,Stand
467,9547,17,-84.0118,0.0197,false,true,5.3928,false,Stand
468,9561,14,-56.6070,0.0197,false,true,5.3928,false,Stand
469,9586,25,-73.3035,0.0652,false,true,5.3928,false,Stand
470,9607,21,-30.0003,0.3040,true,false,5.3928,false,Stand
471,9639,32,-24.4451,0.5243,true,false,5.3928,false,Stand
472,9670,31,-99.7038,0.0384,true,false,5.3928,false,Stand
473,9688,18,-58.8632,0.0431,false,true,5.3928,false,Stand
474,9712,24,-39.9021,0.2721,false,true,5.3928,false,Stand
475,9724,12,-52.4096,0.0328,false,true,5.3928,false,Stand
476,9749,25,-63.2860,0.1471,false,true,5.3928,false,Stand
477,9773,24,-44.2887,0.3195,false,true,5.3928,false,Stand
478,9796,23,-74.3642,0.0691,false,true,5.3928,false,Stand
479,9808,12,-45.6243,0.0936,false,true,5.3928,false,Stand
480,9820,12,-53.6120,0.0251,false,true,5.3928,false,Stand
481,9831,11,-55.4600,0.0269,false,true,5.3928,false,Stand
482,9846,15,-40.6642,0.1556,false,true,5.3928,false,Stand
483,9864,18,-67.1044,0.0507,true,false,5.3928,false,Stand
484,9885,21,-66.5427,0.0916,false,true,5.3928,false,Stand
485,9912,27,-168.6893,0.0195,false,true,5.3928,false,Stand
486,9933,21,-95.5868,0.0819,true,false,5.3928,false,Stand
487,9944,11,-50.8833,0.0339,false,true,5.3928,false,Stand
488,9962,18,-19.0654,0.3770,true,false,5.3928,false,Stand
489,9981,19,-45.0146,0.1258,false,true,5.3928,false,Stand
490,10000,19,-76.2008,0.0092,true,false,5.3928,false,Stand
491,10025,25,-55.0814,0.1143,false,true,5.3928,false,Stand
492,10037,12,-50.1793,0.0614,false,true,5.3928,false,Stand
493,10061,24,-37.9473,0.3183,true,false,5.3928,false,Stand
494,10082,21,-67.4049,0.0589,true,false,5.3928,false,Stand
495,10095,13,-59.9534,0.0455,false,true,5.3928,false,Stand
496,10114,19,-91.2237,0.0153,true,false,5.3928,false,Stand
497,10126,12,-43.0960,0.0965,false,true,5.3928,false,Stand
498,10149,23,-26.4397,0.3464,true,false,5.3928,false,Stand
499,10170,21,-68.5840,0.1319,true,false,5.3928,false,Stand
500,10183,13,-57.5734,0.0440,false,true,5.3928,false,Stand
501,10203,20,-22.9623,0.3732,true,false,5.3928,false,Stand
502,10235,32,-125.9925,0.1113,false,true,5.3928,false,Stand
503,10247,12,-44.2520,0.1062,false,true,5.3928,false,Stand
504,10264,17,-42.2125,0.2050,false,true,5.3928,false,Stand
505,10282,18,-80.3508,0.0011,true,false,5.3928,false,Stand
506,10311,29,-124.4677,0.0295,false,true,5.3928,false,Stand
507,10332,21,-50.6030,0.1300,true,false,5.3928,false,Stand
508,10353,21,-40.8260,0.3122,false,true,5.3928,false,Stand
509,10376,23,-69.0068,0.0961,true,false,5.3928,false,Stand
510,10400,24,-55.8026,0.0687,true,false,5.3928,false,Stand
511,10413,13,-55.6897,0.0646,false,true,5.3928,false,Stand
512,10433,20,-104.5546,0.0388,true,false,5.3928,false,Stand
513,10467,34,-56.8146,0.2544,false,true,5.3928,false,Stand
514,10489,22,-19.7776,0.4370,true,false,5.3928,false,Stand
515,10503,14,-53.4857,0.0496,false,true,5.3928,false,Stand
516,10526,23,-60.3291,0.1003,true,false,5.3928,false,Stand
517,10539,13,-53.4988,0.0436,false,true,5.3928,false,Stand
518,10558,19,-65.2392,0.0492,false,true,5.3928,false,Stand
519,10603,45,-161.3939,0.0888,false,true,5.3928,false,Stand
520,10629,26,-45.9669,0.1998,true,false,5.3928,false,Stand
521,10660,31,-33.3941,0.6280,true,false,5.3928,false,Stand
522,10686,26,-55.2399,0.1136,true,false,5.3928,false,Stand
523,10698,12,-51.4911,0.0657,false,true,5.3928,false,Stand
524,10721,23,-34.7701,0.3380,true,false,5.3928,false,Stand
525,10745,24,-36.6376,0.2667,false,true,5.3928,false,Stand
526,10766,21,-73.2242,0.0461,true,false,5.3928,false,Stand
527,10792,26,-97.9662,0.0126,true,false,5.3928,false,Stand
528,10817,25,-36.7357,0.2094,true,false,5.3928,false,Stand
529,10841,24,-85.7941,0.0216,false,true,5.3928,false,Stand
530,10860,19,-80.3658,0.0255,true,false,5.3928,false,Stand
531,10879,19,-105.7777,0.0361,true,false,5.3928,false,Stand
532,10896,17,-75.1581,0.0379,true,false,5.3928,false,Stand
533,10917,21,-75.3128,0.1031,false,true,5.3928,false,Stand
534,10942,25,-45.1674,0.2619,false,true,5.3928,false,Stand
535,10961,19,-74.1166,0.0465,true,false,5.3928,false,Stand
536,10982,21,-56.7648,0.0675,true,false,5.3928,false,Stand
537,11004,22,-98.7938,0.0243,false,true,5.3928,false,Stand
538,11024,20,-18.2324,0.4016,true,false,5.3928,false,Stand
539,11047,23,-97.9176,0.0239,true,false,5.3928,false,Stand
540,11071,24,-26.0650,0.3474,false,true,5.3928,false,Stand
541,11091,20,-36.8173,0.2316,false,true,5.3928,false,Stand
542,11105,14,-57.4207,0.0768,false,true,5.3928,false,Stand
543,11132,27,-48.7085,0.2515,true,false,5.3928,false,Stand
544,11166,34,-8.6408,0.7211,true,false,5.3928,false,Stand
545,11178,12,-55.1197,0.0265,false,true,5.3928,false,Stand
546,11190,12,-42.2068,0.1214,false,true,5.3928,false,Stand
547,11209,19,-69.8046,0.0449,false,true,5.3928,false,Stand
548,11231,22,-70.6038,0.0952,true,false,5.3928,false,Stand
549,11257,26,-49.2578,0.3686,true,false,5.3928,false,Stand
550,11276,19,-85.8121,0.0031,true,false,5.3928,false,Stand
551,11289,13,-69.0364,0.0213,false,true,5.3928,false,Stand
552,11308,19,-85.8203,0.0335,true,false,5.3928,false,Stand
553,11326,18,-32.9585,0.2529,true,false,5.3928,false,Stand
554,11347,21,-37.7882,0.2424,false,true,5.3928,false,Stand
555,11359,12,-47.9636,0.0574,false,true,5.3928,false,Stand
556,11378,19,-92.2861,0.0323,false,true,5.3928,false,Stand
557,11401,23,-63.5388,0.0976,false,true,5.3928,false,Stand
558,11424,23,-79.6832,0.0419,false,true,5.3928,false,Stand
559,11451,27,-44.3865,0.2363,false,true,5.3928,false,Stand
560,11472,21,-59.2181,0.2178,true,false,5.3928,false,Stand
561,11489,17,-73.2474,0.0218,true,false,5.3928,false,Stand
562,11509,20,-71.1521,0.0243,true,false,5.3928,false,Stand
563,11532,23,-6.2331,0.6660,false,true,5.3928,false,Stand
564,11552,20,-79.2803,0.0127,true,false,5.3928,false,Stand
565,11594,42,-61.6420,0.3804,false,true,5.3928,false,Stand
566,11606,12,-38.7340,0.1484,false,true,5.3928,false,Stand
567,11634,28,-43.6654,0.2505,false,true,5.3928,false,Stand
568,11657,23,-67.6752,0.0833,false,true,5.3928,false,Stand
569,11677,20,-35.8311,0.2906,false,true,5.3928,false,Stand
570,11700,23,-102.0348,0.0232,false,true,5.3928,false,Stand
571,11717,17,-66.9909,0.0339,false,true,5.3928,false,Stand
572,11743,26,-60.7740,0.1403,false,true,5.3928,false,Stand
573,11766,23,-86.4382,0.0249,false,true,5.3928,false,Stand
574,11781,15,-59.3030,0.0403,false,true,5.3928,false,Stand
575,11829,48,-61.3193,0.4638,false,true,5.3928,false,Stand
576,11853,24,-11.6056,0.4803,true,false,5.3928,false,Stand
577,11869,16,-74.1506,0.0166,true,false,5.3928,false,Stand
578,11888,19,-82.2290,0.0758,true,false,5.3928,false,Stand
579,11902,14,-55.4125,0.0108,false,true,5.3928,false,Stand
580,11929,27,-63.7761,0.1533,true,false,5.3928,false,Stand
581,11948,19,-38.4766,0.2014,true,false,5.3928,false,Stand
582,11966,18,-80.8529,0.0190,false,true,5.3928,false,Stand
583,11987,21,-53.4241,0.1658,true,false,5.3928,false,Stand
584,12002,15,-41.4964,0.1893,false,true,5.3928,false,Stand
585,12024,22,-91.1179,0.0534,false,true,5.3928,false,Stand
586,12051,27,-59.8191,0.2149,false,true,5.3928,false,Stand
587,12070,19,-80.1717,0.0207,false,true,5.3928,false,Stand
588,12082,12,-50.9063,0.0508,false,true,5.3928,false,Stand
589,12104,22,-22.5191,0.3555,true,false,5.3928,false,Stand
590,12117,13,-49.4838,0.0751,false,true,5.3928,false,Stand
591,12137,20,-43.2351,0.1744,false,true,5.3928,false,Stand
592,12157,20,-109.5005,0.0105,true,false,5.3928,false,Stand
593,12174,17,-27.1358,0.2974,true,false,5.3928,false,Stand
594,12201,27,-84.4777,0.1010,false,true,5.3928,false,Stand
595,12224,23,-48.5397,0.1312,true,false,5.3928,false,Stand
596,12236,12,-42.6693,0.1171,false,true,5.3928,false,Stand
597,12248,12,-47.8299,0.0611,false,true,5.3928,false,Stand
598,12263,15,-65.0337,0.0746,false,true,5.3928,false,Stand
599,12285,22,-32.1498,0.2920,true,false,5.3928,false,Stand
600,12305,20,-30.6151,0.2982,false,true,5.3928,false,Stand
601,12331,26,-35.8231,0.3715,false,true,5.3928,false,Stand
602,12355,24,-57.9157,0.1890,false,true,5.3928,false,Stand
603,12376,21,-60.6156,0.1294,false,true,5.3928,false,Stand
604,12397,21,-38.7683,0.2372,false,true,5.3928,false,Stand
605,12417,20,-22.2075,0.3418,true,false,5.3928,false,Stand
606,12436,19,-89.1186,0.0317,true,false,5.3928,false,Stand
607,12463,27,8.7249,0.7521,false,true,8.7249,true,Stand
608,12483,20,-75.1419,0.0174,true,false,8.7249,false,Stand
609,12496,13,-49.9791,0.0601,false,true,8.7249,false,Stand
610,12512,16,-49.9087,0.0521,false,true,8.7249,false,Stand
611,12534,22,-75.6057,0.0387,true,false,8.7249,false,Stand
612,12546,12,-58.2511,0.0127,false,true,8.7249,false,Stand
613,12565,19,-33.9644,0.2656,false,true,8.7249,false,Stand
614,12578,13,-52.0032,0.0345,false,true,8.7249,false,Stand
615,12590,12,-43.6242,0.1282,false,true,8.7249,false,Stand
616,12613,23,-39.2523,0.2392,true,false,8.7249,false,Stand
617,12629,16,-74.9090,0.0124,true,false,8.7249,false,Stand
618,12641,12,-46.9718,0.1293,false,true,8.7249,false,Stand
619,12658,17,-84.7173,0.0276,true,false,8.7249,false,Stand
620,12683,25,-83.6086,0.0998,false,true,8.7249,false,Stand
621,12695,12,-41.8226,0.1148,false,true,8.7249,false,Stand
622,12723,28,-104.8937,0.0851,false,true,8.7249,false,Stand
623,12762,39,-38.5005,0.4175,false,true,8.7249,false,Stand
624,12789,27,-90.7840,0.0464,true,false,8.7249,false,Stand
625,12818,29,-91.8228,0.0333,false,true,8.7249,false,Stand
626,12845,27,-25.5987,0.3814,true,false,8.7249,false,Stand
627,12867,22,-82.1857,0.0419,false,true,8.7249,false,Stand
628,12895,28,-45.0231,0.2158,false,true,8.7249,false,Stand
629,12910,15,-38.4726,0.1656,false,true,8.7249,false,Stand
630,12936,26,-76.6269,0.0994,false,true,8.7249,false,Stand
631,12956,20,-92.2506,0.0541,true,false,8.7249,false,Stand
632,12976,20,-70.9959,0.0423,false,true,8.7249,false,Stand
633,12999,23,-112.5370,0.0608,false,true,8.7249,false,Stand
634,13020,21,-68.6351,0.0453,false,true,8.7249,false,Stand
635,13038,18,-63.8028,0.0132,false,true,8.7249,false,Stand
636,13064,26,-95.0919,0.0409,false,true,8.7249,false,Stand
637,13097,33,-30.1817,0.4447,false,true,8.7249,false,Stand
638,13119,22,-83.8399,0.0354,true,false,8.7249,false,Stand
639,13141,22,-113.2395,0.0240,true,false,8.7249,false,Stand
640,13161,20,-43.8971,0.1769,true,false,8.7249,false,Stand
641,13173,12,-48.5704,0.0475,false,true,8.7249,false,Stand
642,13190,17,-49.3458,0.1285,true,false,8.7249,false,Stand
643,13211,21,-82.0477,0.0251,true,false,8.7249,false,Stand
644,13223,12,-48.7907,0.0470,false,true,8.7249,false,Stand
645,13248,25,-54.5663,0.2543,false,true,8.7249,false,Stand
646,13268,20,-48.5979,0.2022,true,false,8.7249,false,Stand
647,13280,12,-51.7607,0.0313,false,true,8.7249,false,Stand
648,13302,22,-113.6657,0.0156,true,false,8.7249,false,Stand
649,13326,24,-68.5777,0.1126,false,true,8.7249,false,Stand
650,13345,19,-62.1924,0.0440,false,true,8.7249,false,Stand
651,13357,12,-45.2764,0.0823,false,true,8.7249,false,Stand
652,13371,14,-46.0966,0.1015,false,true,8.7249,false,Stand
653,13391,20,-43.6425,0.2580,true,false,8.7249,false,Stand
654,13403,12,-52.9971,0.0565,false,true,8.7249,false,Stand
655,13433,30,-184.6917,0.0567,true,false,8.7249,false,Stand
656,13457,24,-70.5243,0.0808,true,false,8.7249,false,Stand
657,13480,23,-53.1001,0.1519,false,true,8.7249,false,Stand
658,13511,31,10.0354,0.7964,true,false,10.0354,true,Stand
659,13525,14,-39.5379,0.1317,false,true,10.0354,false,Stand
660,13545,20,-19.1174,0.4143,true,false,10.0354,false,Stand
661,13566,21,-69.6467,0.0229,true,false,10.0354,false,Stand
662,13582,16,-48.0614,0.1345,false,true,10.0354,false,Stand
663,13601,19,-56.8601,0.0515,true,false,10.0354,false,Stand
664,13621,20,-56.4326,0.1069,true,false,10.0354,false,Stand
665,13633,12,-50.6400,0.0769,false,true,10.0354,false,Stand
666,13645,12,-41.4014,0.1391,false,true,10.0354,false,Stand
667,13663,18,-81.1151,0.0226,false,true,10.0354,false,Stand
668,13683,20,-91.2541,0.0135,false,true,10.0354,false,Stand
669,13695,12,-57.7953,0.0264,false,true,10.0354,false,Stand
670,13707,12,-45.0051,0.0900,false,true,10.0354,false,Stand
671,13719,12,-53.2331,0.0179,false,true,10.0354,false,Stand
672,13744,25,-66.6508,0.0727,false,true,10.0354,false,Stand
673,13757,13,-58.0105,0.0109,false,true,10.0354,false,Stand
674,13778,21,-34.1034,0.2878,true,false,10.0354,false,Stand
675,13799,21,-80.2499,0.1062,false,true,10.0354,false,Stand
676,13816,17,-79.0704,0.0448,true,false,10.0354,false,Stand
677,13835,19,-21.0708,0.3585,true,false,10.0354,false,Stand
678,13853,18,-33.8304,0.2006,false,true,10.0354,false,Stand
679,13873,20,-69.9689,0.0440,false,true,10.0354,false,Stand
680,13886,13,-51.1572,0.1085,false,true,10.0354,false,Stand
681,13901,15,-72.5581,0.0407,false,true,10.0354,false,Stand
682,13925,24,-87.3257,0.0543,false,true,10.0354,false,Stand
683,13948,23,-38.7356,0.1668,false,true,10.0354,false,Stand
684,13968,20,-32.0788,0.2495,true,false,10.0354,false,Stand
685,13989,21,-43.1461,0.1757,true,false,10.0354,false,Stand
686,14009,20,-56.8181,0.1115,true,false,10.0354,false,Stand
687,14029,20,-92.5448,0.0424,true,false,10.0354,false,Stand
688,14054,25,-99.5567,0.0396,true,false,10.0354,false,Stand
689,14078,24,-100.2560,0.0553,false,true,10.0354,false,Stand
690,14090,12,-51.0251,0.0366,false,true,10.0354,false,Stand
691,14112,22,-45.3609,0.1722,true,false,10.0354,false,Stand
692,14130,18,-20.5083,0.3778,true,false,10.0354,false,Stand
693,14147,17,-78.1082,0.0377,false,true,10.0354,false,Stand
694,14178,31,-95.7590,0.0714,false,true,10.0354,false,Stand
695,14193,15,-54.7726,0.0379,false,true,10.0354,false,Stand
696,14206,13,-49.8471,0.0901,false,true,10.0354,false,Stand
697,14231,25,-53.9413,0.1392,false,true,10.0354,false,Stand
698,14249,18,-13.5714,0.4733,true,false,10.0354,false,Stand
699,14286,37,-78.7448,0.1861,false,true,10.0354,false,Stand
700,14297,11,-50.8577,0.0491,false,true,10.0354,false,Stand
701,14309,12,-50.8183,0.0572,false,true,10.0354,false,Stand
702,14336,27,-162.5246,0.0105,true,true,10.0354,false,Stand
703,14366,30,-83.0914,0.1257,false,true,10.0354,false,Stand
704,14386,20,-74.3499,0.0683,true,false,10.0354,false,Stand
705,14416,30,-73.6476,0.1688,true,false,10.0354,false,Stand
706,14441,25,-56.1711,0.1357,false,true,10.0354,false,Stand
707,14459,18,-93.9455,0.0593,false,true,10.0354,false,Stand
708,14493,34,-115.8147,0.0549,true,false,10.0354,false,Stand
709,14513,20,-50.2221,0.1164,true,false,10.0354,false,Stand
710,14532,19,-64.2261,0.0658,false,true,10.0354,false,Stand
711,14551,19,-93.4421,0.0025,true,false,10.0354,false,Stand
712,14596,45,-112.5567,0.0230,false,true,10.0354,false,Stand
713,14613,17,-64.5485,0.0455,true,false,10.0354,false,Stand
714,14638,25,-70.4312,0.0632,true,false,10.0354,false,Stand
715,14654,16,-59.9835,0.0775,false,true,10.0354,false,Stand
716,14678,24,-81.1259,0.0305,false,true,10.0354,false,Stand
717,14711,33,-96.9589,0.0391,false,true,10.0354,false,Stand
718,14723,12,-47.7135,0.0606,false,true,10.0354,false,Stand
719,14749,26,-46.1574,0.1886,true,false,10.0354,false,Stand
720,14769,20,-83.9967,0.0278,false,true,10.0354,false,Stand
721,14782,13,-52.1445,0.0421,false,true,10.0354,false,Stand
722,14794,12,-55.1406,0.0273,false,true,10.0354,false,Stand
723,14824,30,-50.6176,0.3343,false,true,10.0354,false,Stand
724,14852,28,-61.9676,0.1772,true,false,10.0354,false,Stand
725,14873,21,-58.6847,0.1090,true,false,10.0354,false,Stand
726,14890,17,-78.5576,0.0371,true,false,10.0354,false,Stand
727,14916,26,-42.0625,0.3123,false,true,10.0354,false,Stand
728,14932,16,-78.0654,0.0367,true,false,10.0354,false,Stand
729,14955,23,-52.8165,0.2489,false,true,10.0354,false,Stand
730,14974,19,-86.2799,0.0168,true,false,10.0354,false,Stand
731,14993,19,-40.1727,0.1816,true,false,10.0354,false,Stand
732,15016,23,-60.7591,0.0579,true,false,10.0354,false,Stand
733,15045,29,-27.8357,0.4286,false,true,10.0354,false,Stand
734,15066,21,-85.5451,0.0424,false,true,10.0354,false,Stand
735,15086,20,-88.9222,0.0064,true,false,10.0354,false,Stand
736,15100,14,-33.9152,0.1774,false,true,10.0354,false,Stand
737,15112,12,-50.9484,0.0497,false,true,10.0354,false,Stand
738,15151,39,-69.5073,0.2052,false,true,10.0354,false,Stand
739,15175,24,-60.1078,0.1909,false,true,10.0354,false,Stand
740,15196,21,-60.3550,0.0591,false,true,10.0354,false,Stand
741,15218,22,-87.8666,0.0137,false,true,10.0354,false,Stand
742,15231,13,-45.9612,0.0876,false,true,10.0354,false,Stand
743,15244,13,-50.8532,0.1018,false,true,10.0354,false,Stand
744,15259,15,-67.1981,0.0742,false,true,10.0354,false,Stand
745,15272,13,-56.4680,0.0436,false,true,10.0354,false,Stand
746,15296,24,-70.6605,0.0737,true,false,10.0354,false,Stand
747,15311,15,-62.6387,0.0121,false,true,10.0354,false,Stand
748,15339,28,-145.3942,0.0457,false,true,10.0354,false,Stand
749,15361,22,-41.1680,0.2118,true,false,10.0354,false,Stand
750,15385,24,-43.3259,0.3120,false,true,10.0354,false,Stand
751,15406,21,-128.4648,0.0465,true,false,10.0354,false,Stand
752,15428,22,-68.7715,0.0758,true,false,10.0354,false,Stand
753,15450,22,-74.2709,0.0440,true,false,10.0354,false,Stand
754,15473,23,-72.4876,0.0473,false,true,10.0354,false,Stand
755,15485,12,-46.7339,0.0598,false,true,10.0354,false,Stand
756,15503,18,-33.2069,0.2640,true,false,10.0354,false,Stand
757,15525,22,-104.3243,0.0399,true,false,10.0354,false,Stand
758,15538,13,-49.5654,0.0567,false,true,10.0354,false,Stand
759,15557,19,-91.7470,0.0244,true,false,10.0354,false,Stand
760,15590,33,-161.4217,0.0236,false,true,10.0354,false,Stand
761,15609,19,-72.6672,0.0302,true,false,10.0354,false,Stand
762,15631,22,-41.4605,0.2535,false,true,10.0354,false,Stand
763,15647,16,-39.5470,0.1588,false,true,10.0354,false,Stand
764,15674,27,-31.5610,0.3535,true,false,10.0354,false,Stand
765,15686,12,-44.4541,0.0869,false,true,10.0354,false,Stand
766,15707,21,-71.0366,0.1334,true,false,10.0354,false,Stand
767,15719,12,-43.8681,0.1192,false,true,10.0354,false,Stand
768,15747,28,-85.6029,0.0541,false,true,10.0354,false,Stand
769,15773,26,-100.1652,0.0228,false,true,10.0354,false,Stand
770,15803,30,-62.9583,0.1611,true,false,10.0354,false,Stand
771,15827,24,-100.4492,0.0128,false,true,10.0354,false,Stand
772,15852,25,-66.3016,0.1983,true,false,10.0354,false,Stand
773,15875,23,-58.5487,0.1590,false,true,10.0354,false,Stand
774,15906,31,-78.5270,0.0455,false,true,10.0354,false,Stand
775,15936,30,-115.9990,0.0381,false,true,10.0354,false,Stand
776,15955,19,-41.0312,0.2176,true,false,10.0354,false,Stand
777,15976,21,-32.7194,0.3591,false,true,10.0354,false,Stand
778,15991,15,-70.0569,0.0400,false,true,10.0354,false,Stand
779,16016,25,-70.4422,0.0541,true,false,10.0354,false,Stand
780,16028,12,-52.6499,0.0607,false,true,10.0354,false,Stand
781,16048,20,-63.8384,0.0305,true,false,10.0354,false,Stand
782,16064,16,-60.3894,0.0044,false,true,10.0354,false,Stand
783,16088,24,-93.4305,0.0355,false,true,10.0354,false,Stand
784,16112,24,-53.8690,0.1767,false,true,10.0354,false,Stand
785,16124,12,-46.8531,0.1067,false,true,10.0354,false,Stand
786,16136,12,-43.5738,0.1015,false,true,10.0354,false,Stand
787,16148,12,-43.6267,0.1299,false,true,10.0354,false,Stand
788,16170,22,-18.6067,0.5285,false,true,10.0354,false,Stand
789,16182,12,-46.3852,0.0801,false,true,10.0354,false,Stand
790,16195,13,-53.9593,0.0301,false,true,10.0354,false,Stand
791,16216,21,-75.3301,0.0652,true,false,10.0354,false,Stand
792,16240,24,-44.9303,0.2447,false,true,10.0354,false,Stand
793,16258,18,-52.0052,0.1253,false,true,10.0354,false,Stand
794,16274,16,-23.0543,0.3276,false,true,10.0354,false,Stand
795,16286,12,-50.4030,0.0762,false,true,10.0354,false,Stand
796,16306,20,-68.1333,0.0669,true,false,10.0354,false,Stand
797,16327,21,-68.2464,0.0797,true,false,10.0354,false,Stand
798,16342,15,-65.8286,0.0283,false,true,10.0354,false,Stand
799,16358,16,-42.0605,0.1469,true,false,10.0354,false,Stand
800,16389,31,-120.1866,0.0944,false,true,10.0354,false,Stand
801,16401,12,-50.0379,0.0977,false,true,10.0354,false,Stand
802,16415,14,-63.0455,0.0772,false,true,10.0354,false,Stand
803,16429,14,-57.5794,0.0420,false,true,10.0354,false,Stand
804,16450,21,-42.0970,0.2254,false,true,10.0354,false,Stand
805,16464,14,-72.7297,0.0238,false,true,10.0354,false,Stand
806,16485,21,-97.1733,0.0363,true,false,10.0354,false,Stand
807,16497,12,-55.5384,0.0498,false,true,10.0354,false,Stand
808,16524,27,-126.8483,0.0470,true,false,10.0354,false,Stand
809,16542,18,-54.0648,0.0752,true,false,10.0354,false,Stand
810,16554,12,-47.1649,0.0846,false,true,10.0354,false,Stand
811,16571,17,-51.0049,0.1715,false,true,10.0354,false,Stand
812,16593,22,3.0746,0.6346,true,false,10.0354,false,Stand
813,16610,17,-62.7831,0.0440,true,false,10.0354,false,Stand
814,16623,13,-60.2854,0.0008,false,true,10.0354,false,Stand
815,16636,13,-50.8833,0.0520,false,true,10.0354,false,Stand
816,16658,22,-57.6727,0.1051,true,false,10.0354,false,Stand
817,16680,22,-88.5653,0.0235,true,false,10.0354,false,Stand
818,16693,13,-56.9914,0.0089,false,true,10.0354,false,Stand
819,16705,12,-54.6980,0.0446,false,true,10.0354,false,Stand
820,16726,21,-63.7354,0.0466,true,false,10.0354,false,Stand
821,16751,25,-56.1211,0.1104,false,true,10.0354,false,Stand
822,16765,14,-62.6986,0.0187,false,true,10.0354,false,Stand
823,16785,20,-92.3363,0.0202,true,false,10.0354,false,Stand
824,16808,23,-25.6612,0.3333,false,true,10.0354,false,Stand
825,16828,20,-61.7207,0.1225,true,false,10.0354,false,Stand
826,16841,13,-49.3241,0.0859,false,true,10.0354,false,Stand
827,16858,17,-61.9956,0.0613,true,false,10.0354,false,Stand
828,16883,25,-70.7418,0.1270,false,true,10.0354,false,Stand
829,16903,20,-30.1288,0.3103,true,false,10.0354,false,Stand
830,16920,17,-50.6050,0.1429,false,true,10.0354,false,Stand
831,16943,23,-66.1337,0.0417,false,true,10.0354,false,Stand
832,16994,51,-177.9548,0.1331,true,false,10.0354,false,Stand
833,17010,16,-35.7862,0.2028,true,false,10.0354,false,Stand
834,17032,22,-25.3264,0.3486,false,true,10.0354,false,Stand
835,17051,19,-41.6813,0.2050,true,false,10.0354,false,Stand
836,17077,26,-98.4911,0.0557,false,true,10.0354,false,Stand
837,17096,19,-65.3685,0.0448,true,false,10.0354,false,Stand
838,17108,12,-48.6527,0.0545,false,true,10.0354,false,Stand
839,17130,22,-52.2135,0.1624,false,true,10.0354,false,Stand
840,17153,23,-105.9704,0.0099,false,true,10.0354,false,Stand
841,17171,18,-110.9246,0.0382,true,false,10.0354,false,Stand
842,17194,23,-56.1862,0.1388,false,true,10.0354,false,Stand
843,17219,25,-92.6908,0.0673,true,false,10.0354,false,Stand
844,17246,27,-67.0068,0.1412,false,true,10.0354,false,Stand
845,17266,20,-81.4222,0.0120,true,false,10.0354,false,Stand
846,17278,12,-52.3803,0.0411,false,true,10.0354,false,Stand
847,17299,21,-15.6712,0.4135,true,false,10.0354,false,Stand
848,17330,31,-175.0580,0.0201,false,true,10.0354,false,Stand
849,17349,19,-73.6353,0.0200,false,true,10.0354,false,Stand
850,17364,15,-46.5863,0.1146,false,true,10.0354,false,Stand
851,17384,20,-33.4257,0.3152,true,false,10.0354,false,Stand
852,17396,12,-48.4846,0.0574,false,true,10.0354,false,Stand
853,17420,24,-68.0624,0.1102,true,false,10.0354,false,Stand
854,17432,12,-41.6006,0.1295,false,true,10.0354,false,Stand
855,17460,28,-45.7093,0.2845,false,true,10.0354,false,Stand
856,17489,29,-97.9552,0.0770,false,true,10.0354,false,Stand
857,17502,13,-52.2358,0.0229,false,true,10.0354,false,Stand
858,17518,16,-49.3933,0.0921,false,true,10.0354,false,Stand
859,17540,22,-112.4978,0.0083,false,true,10.0354,false,Stand
860,17562,22,-129.3527,0.0468,true,false,10.0354,false,Stand
861,17576,14,-50.7270,0.0500,false,true,10.0354,false,Stand
862,17597,21,-41.9366,0.1742,true,false,10.0354,false,Stand
863,17632,35,-126.4345,0.0440,false,true,10.0354,false,Stand
864,17651,19,-102.2052,0.0193,true,false,10.0354,false,Stand
865,17671,20,-11.4722,0.4618,true,false,10.0354,false,Stand
866,17719,48,-109.8801,0.2470,false,true,10.0354,false,Stand
867,17737,18,-71.0703,0.0099,false,true,10.0354,false,Stand
868,17759,22,-72.1558,0.0556,true,false,10.0354,false,Stand
869,17779,20,-76.4305,0.0405,true,false,10.0354,false,Stand
870,17806,27,-87.4118,0.0464,true,false,10.0354,false,Stand
871,17825,19,-40.3168,0.2137,true,false,10.0354,false,Stand
872,17851,26,-43.8780,0.1740,true,false,10.0354,false,Stand
873,17863,12,-39.7788,0.1392,false,true,10.0354,false,Stand
874,17881,18,-70.8043,0.0672,true,false,10.0354,false,Stand
875,17896,15,-44.5290,0.1187,false,true,10.0354,false,Stand
876,17912,16,-47.0682,0.1131,true,false,10.0354,false,Stand
877,17936,24,-77.2711,0.0630,true,false,10.0354,false,Stand
878,17952,16,-74.5470,0.0634,true,false,10.0354,false,Stand
879,17969,17,-86.7521,0.0350,true,false,10.0354,false,Stand
880,17991,22,-88.5359,0.0354,false,true,10.0354,false,Stand
881,18002,11,-52.0856,0.0459,false,true,10.0354,false,Stand
882,18021,19,-97.3399,0.0239,true,false,10.0354,false,Stand
883,18036,15,-52.5155,0.0776,false,true,10.0354,false,Stand
884,18049,13,-52.7124,0.1007,false,true,10.0354,false,Stand
885,18071,22,-66.1171,0.0190,true,false,10.0354,false,Stand
886,18088,17,-70.3936,0.0327,false,true,10.0354,false,Stand
887,18105,17,-63.9527,0.0812,false,true,10.0354,false,Stand
888,18135,30,-48.4691,0.2007,true,false,10.0354,false,Stand
889,18160,25,-19.4760,0.5506,false,true,10.0354,false,Stand
890,18178,18,-56.4326,0.0625,true,false,10.0354,false,Stand
891,18197,19,-90.9136,0.0553,true,false,10.0354,false,Stand
892,18215,18,-46.2397,0.1151,true,false,10.0354,false,Stand
893,18239,24,-44.3175,0.2463,false,true,10.0354,false,Stand
894,18258,19,-47.6675,0.1497,true,false,10.0354,false,Stand
895,18287,29,-63.2741,0.1300,false,true,10.0354,false,Stand
896,18307,20,-45.4457,0.1687,true,false,10.0354,false,Stand
897,18323,16,-89.7473,0.0262,false,true,10.0354,false,Stand
898,18349,26,-50.7805,0.3220,false,true,10.0354,false,Stand
899,18393,44,-198.7868,0.0426,false,true,10.0354,false,Stand
900,18412,19,-57.5280,0.0991,true,false,10.0354,false,Stand
901,18439,27,-75.3977,0.0930,false,true,10.0354,false,Stand
902,18454,15,-51.1717,0.0644,false,true,10.0354,false,Stand
903,18477,23,-125.9564,0.0543,true,false,10.0354,false,Stand
904,18497,20,-58.4714,0.1132,true,false,10.0354,false,Stand
905,18510,13,-49.0805,0.0968,false,true,10.0354,false,Stand
906,18524,14,-45.0107,0.0986,false,true,10.0354,false,Stand
907,18544,20,-94.6613,0.0297,true,false,10.0354,false,Stand
908,18564,20,-41.0206,0.1906,true,false,10.0354,false,Stand
909,18586,22,-89.5243,0.0529,false,true,10.0354,false,Stand
910,18604,18,-32.3164,0.2423,false,true,10.0354,false,Stand
911,18616,12,-48.8689,0.0744,false,true,10.0354,false,Stand
912,18636,20,-97.2914,0.0289,true,false,10.0354,false,Stand
913,18660,24,-75.2578,0.0439,false,true,10.0354,false,Stand
914,18686,26,-20.7489,0.5267,true,false,10.0354,false,Stand
915,18709,23,-31.6613,0.2962,false,true,10.0354,false,Stand
916,18727,18,-46.3630,0.1329,true,false,10.0354,false,Stand
917,18746,19,-35.8043,0.2517,true,false,10.0354,false,Stand
918,18759,13,-49.6521,0.0811,false,true,10.0354,false,Stand
919,18776,17,-73.0871,0.0196,false,true,10.0354,false,Stand
920,18796,20,-51.5204,0.1714,true,false,10.0354,false,Stand
921,18808,12,-43.6914,0.1010,false,true,10.0354,false,Stand
922,18829,21,-23.6762,0.4218,false,true,10.0354,false,Stand
923,18858,29,-19.4791,0.4441,true,false,10.0354,false,Stand
924,18876,18,-57.0826,0.1994,true,false,10.0354,false,Stand
925,18901,25,-18.0464,0.4351,true,false,10.0354,false,Stand
926,18922,21,-48.0011,0.1590,true,false,10.0354,false,Stand
927,18966,44,-56.5963,0.4642,false,true,10.0354,false,Stand
928,18980,14,-65.3928,0.0295,false,true,10.0354,false,Stand
929,18996,16,-71.3943,0.0422,false,true,10.0354,false,Stand
930,19018,22,-83.9915,0.1839,true,false,10.0354,false,Stand
931,19037,19,-65.9919,0.0910,true,false,10.0354,false,Stand
932,19055,18,-88.5148,0.0456,false,true,10.0354,false,Stand
933,19077,22,-92.2249,0.0000,true,false,10.0354,false,Stand
934,19089,12,-51.4797,0.0527,false,true,10.0354,false,Stand
935,19112,23,-69.0868,0.0541,false,true,10.0354,false,Stand
936,19136,24,-95.3825,0.0881,false,true,10.0354,false,Stand
937,19149,13,-51.1444,0.0624,false,true,10.0354,false,Stand
938,19163,14,-44.1472,0.1147,false,true,10.0354,false,Stand
939,19193,30,-111.2722,0.0477,false,true,10.0354,false,Stand
940,19216,23,-102.6915,0.0013,false,true,10.0354,false,Stand
941,19236,20,-21.0556,0.3892,true,false,10.0354,false,Stand
942,19249,13,-50.1780,0.0741,false,true,10.0354,false,Stand
943,19271,22,-68.3296,0.1052,false,true,10.0354,false,Stand
944,19299,28,-88.4005,0.0761,false,true,10.0354,false,Stand
945,19315,16,-68.3983,0.0135,false,true,10.0354,false,Stand
946,19337,22,-49.6008,0.1202,true,false,10.0354,false,Stand
947,19380,43,15.4425,0.9849,false,true,15.4425,true,Stand
948,19399,19,-79.0294,0.0550,true,false,15.4425,false,Stand
949,19419,20,-85.7548,0.0253,false,true,15.4425,false,Stand
950,19438,19,-89.1885,0.0223,true,false,15.4425,false,Stand
951,19459,21,-87.1824,0.0719,false,true,15.4425,false,Stand
952,19482,23,-29.7328,0.3288,true,false,15.4425,false,Stand
953,19496,14,-39.3283,0.1716,false,true,15.4425,false,Stand
954,19536,40,-58.7592,0.2981,false,true,15.4425,false,Stand
955,19561,25,-41.7939,0.2476,true,false,15.4425,false,Stand
956,19586,25,-93.4984,0.0602,false,true,15.4425,false,Stand
957,19605,19,-77.0461,0.0546,true,false,15.4425,false,Stand
958,19627,22,-47.7280,0.2127,false,true,15.4425,false,Stand
959,19641,14,-65.7424,0.0585,false,true,15.4425,false,Stand
960,19653,12,-52.5283,0.0426,false,true,15.4425,false,Stand
961,19674,21,-99.7134,0.0195,true,true,15.4425,false,Stand
962,19707,33,-138.6856,0.0755,false,true,15.4425,false,Stand
963,19719,12,-50.6066,0.0343,false,true,15.4425,false,Stand
964,19739,20,-84.6397,0.0266,false,true,15.4425,false,Stand
965,19756,17,-83.7214,0.0046,true,false,15.4425,false,Stand
966,19774,18,-22.7809,0.3429,true,false,15.4425,false,Stand
967,19793,19,-35.0262,0.2680,false,true,15.4425,false,Stand
968,19811,18,-86.7823,0.0308,false,true,15.4425,false,Stand
969,19830,19,-6.2095,0.5267,true,false,15.4425,false,Stand
970,19855,25,-58.6721,0.0958,true,false,15.4425,false,Stand
971,19873,18,-33.3789,0.1975,false,true,15.4425,false,Stand
972,19898,25,-51.6301,0.2700,false,true,15.4425,false,Stand
973,19910,12,-44.7374,0.0974,false,true,15.4425,false,Stand
974,19932,22,-17.0811,0.4513,true,false,15.4425,false,Stand
975,19954,22,-64.6140,0.0854,false,true,15.4425,false,Stand
976,19968,14,-73.2704,0.0412,false,true,15.4425,false,Stand
977,19993,25,-60.1870,0.1142,true,false,15.4425,false,Stand
978,20005,12,-53.8110,0.0333,false,true,15.4425,false,Stand
979,20028,23,-22.6105,0.3931,false,true,15.4425,false,Stand
980,20050,22,-105.3821,0.0129,false,true,15.4425,false,Stand
981,20070,20,-91.4407,0.0463,false,true,15.4425,false,Stand
982,20090,20,-32.9396,0.2494,true,false,15.4425,false,Stand
983,20110,20,-23.1944,0.3352,true,false,15.4425,false,Stand
984,20123,13,-46.4509,0.0710,false,true,15.4425,false,Stand
985,20153,30,-38.6108,0.3384,false,true,15.4425,false,Stand
986,20172,19,-74.7786,0.0590,true,false,15.4425,false,Stand
987,20193,21,-74.2587,0.0697,true,false,15.4425,false,Stand
988,20219,26,-66.6493,0.0609,true,false,15.4425,false,Stand
989,20236,17,-32.0638,0.2724,false,true,15.4425,false,Stand
990,20266,30,-15.0022,0.5694,false,true,15.4425,false,Stand
991,20277,11,-44.7538,0.0948,false,true,15.4425,false,Stand
992,20311,34,-54.8632,0.2908,false,true,15.4425,false,Stand
993,20330,19,-55.0443,0.0877,false,true,15.4425,false,Stand
994,20352,22,-87.4102,0.0350,true,false,15.4425,false,Stand
995,20379,27,10.1564,0.7007,true,false,15.4425,false,Stand
996,20404,25,-70.5861,0.0549,false,true,15.4425,false,Stand
997,20425,21,-88.8625,0.0551,true,false,15.4425,false,Stand
998,20439,14,-61.6100,0.0431,false,true,15.4425,false,Stand
999,20451,12,-42.0119,0.1167,false,true,15.4425,false,Stand
1000,20472,21,-90.8758,0.0334,true,false,15.4425,false,Stand
